Page,Table,Column1,Column2,Column3,Column4,Column5
1,1,RBR.,"OZNAKA ENERGETSKOG
CERTIFIKATA","OVLA≈†TENA OSOBA KOJA JE IZRADILA
ENERGETSKI CERTIFIKAT","VRSTA ZGRADE PREMA PRAVILNIKU
O ENERGETSKOM PREGLEDU
ZGRADE I ENERGETSKOM
CERTIFICIRANJU",NAZIV ZGRADE,"NAZIV SAMOSTALNE UPORABNE
CJELINE",MJESTO,"8/,&$,.8√ª1,%52-","ENERGETSKI RAZRED
2'5(ƒà(17(0(/-(0
63(&,),√Ω1(*2',√¢1-(
POTREBNE TOPLINE
ENERGIJE ZA
GRIJANJE",,"ENERGETSKI RAZRED
2'5(ƒà(17(0(/-(0
63(&,),√Ω1(
GODI≈†NJE PRIMARNE
ENERGIJE",,"DATUM
IZDAVANJA
CERTIFIKATA","ROK VA≈ΩENJA
CERTIFIKATA","GODINA
ZAVR≈†ETKA
IZGRADNJE","PLO≈†TINA KORISNE
POVR≈†INE
GRIJANOG DIJELA
ZGRADE (m2)","*5$ƒà(9,16.$
(BRUTO)
POVR≈†INA
ZGRADE (m2)","63(&,),√Ω1$
GODI≈†NJA
EMISIJA
CO2"
1,1,1,P_944_2015_10000_SZ1,GFKconsulting j.d.o.o.,2ELWHOMVNHNX√ºH,Obiteljska stambena zgrada,2ELWHOMVNDNX√ºD,Bistrinci,",YDQD*RUDQD.RYD√æL√ºD",C,"96,71",C,"140,08",4.10.2017.,4.10.2027.,2012,"91,61","104,37","25,51"
1,1,2,F_557_2014_10000_SZ2,*UJL√º=RUDQ,Vi≈°estambene zgrade,Stambena zgrada,6WDQXVWDPEHQRM]JUDGLQDWUH√ºHPNDWX,Zagreb,Srednjaci 26 / 8.kat,C,"77,52",C,"137,97",11.10.2017.,11.10.2027.,1970,"50,16","41,55","1557,84"
1,1,3,F_1272_2016_10000_SZ2,5DGRQL√º'DOLERU,Vi≈°estambene zgrade,Vi≈°estambena zgrada,"Stan ≈†are, prizemlje",Zagreb,Srebrnjak 40,C,"78,19",A,"90,35",6.10.2017.,6.10.2027.,1937,"19,17","26,28","381,00"
1,1,4,F_1285_2017_10000_SZ2,Jantol Danijel,Vi≈°estambene zgrade,Vi≈°estambena zgrada,Stan 10,Zagreb,8OLFD-RVLSD(XJHQD7RPL√ºD,C,"94,72",B,"106,75",8.10.2017.,8.10.2027.,1892,"38,08","56,10","21,13"
1,1,5,F_937_2014_10000_SZ2,ƒàXNL√º-RVLS,Vi≈°estambene zgrade,Stambena zgrada,"Stan ST-26 (E-38), II. kat",=DSUH√£L√º,Ljudevita Gaja 34,D,"143,60",C,"252,35",7.10.2017.,7.10.2027.,1986,"27,64","35,51","48,43"
1,1,6,F_1262_2016_10000_SZ2,-HOL√º+UYRMH,Vi≈°estambene zgrade,Stambena zgrada,Stan Gajski 1 kat,Velika Gorica,Ulica kralja Dmitra Zvonimira 21,C,"68,95",D,"349,98",6.10.2017.,6.10.2027.,1980,"35,44","42,50","29,14"
1,1,7,P_64_2010_10000_SZ1,"+5$6729,√ª,1√§(1-(5,1*GRR",2ELWHOMVNHNX√ºH,".8√ª$68%$√¢,√ª",,ƒàDNRYR,"0$5.$0$58/,√ª$",G,"17861,00",G,"24537,00",6.10.2017.,6.10.2027.,1970,"124,34","157,10","5404,00"
1,1,8,F_964_2014_10000_SZ2,6WDQL√º'HMDQ,Vi≈°estambene zgrade,Vi≈°estambena zgrada P+3,,Dramalj,=DJUHED√æND,C,"69,81",C,"103,74",10.10.2017.,10.10.2027.,2002,"219,26","275,94","30,53"
1,1,9,F_937_2014_10002_SZ1,ƒàXNL√º-RVLS,2ELWHOMVNHNX√ºH,Stambena zgrada,,Starigrad,Kanalska 9,G,"263,87",D,"297,12",10.10.2017.,10.10.2027.,1995,"38,26","48,88","11,59"
1,1,10,F_1285_2017_10001_SZ2,Jantol Danijel,Vi≈°estambene zgrade,Vi≈°estambena zgrada,Stan II/1,Zagreb,0DQGDOL√æLQDXOLFD$,D,"132,76",C,"214,84",9.10.2017.,9.10.2027.,1936,"48,57","56,37","43,84"
1,1,11,F_215_2013_10000_SZ1,√§GHUL√º9DOHQWLQ,2ELWHOMVNHNX√ºH,STAMBENA ZGRADA VINKOVCI P,,Vinkovci,H.D. GENSCHERA 52,A,"16,95",A+,"24,72",14.10.2017.,14.10.2027.,2017,"199,78","379,23","4,95"
1,1,12,F_1285_2017_10002_SZ2,Jantol Danijel,Vi≈°estambene zgrade,Vi≈°estambena zgrada,Stan 91,Zagreb,Ulica Bo≈æidara Magovca 48,D,"137,66",C,"258,35",10.10.2017.,10.10.2027.,1976,"60,57","56,15","54,74"
1,1,13,P_809_2015_10000_SZ2,PALAM d.o.o.,Vi≈°estambene zgrade,Stambena zgrada,Stan br 114. na 11.katu,Zagreb,Ozaljska 148,D,"133,02",D,"270,93",10.10.2017.,10.10.2027.,1970,"66,72","73,08","63,70"
1,1,14,F_937_2014_10001_SZ1,ƒàXNL√º-RVLS,2ELWHOMVNHNX√ºH,2ELWHOMVNDNX√ºD,,Je≈æovec,Je≈æovec 129,G,"352,58",D,"365,15",10.10.2017.,10.10.2027.,1,"90,23","128,90","10,62"
1,1,15,F_876_2014_10000_SZ2,-HOX√£L√º$XJXVWLQ,Vi≈°estambene zgrade,√§DUNR3DRYL√º,Stan u vi≈°estambenoj zgradi,Zagreb,Kru≈æna 16,D,"140,52",C,"212,22",10.10.2017.,10.10.2027.,1959,"56,95","114,45","41,08"
1,1,16,P_294_2013_10000_SZ1,QUANTUM STUDIO d.o.o.,2ELWHOMVNHNX√ºH,2ELWHOMVNDNX√ºD,RELWHOMVNDNX√ºD,Borova,%DQD-HOD√æL√ºD,D,"134,59",C,"191,69",11.10.2017.,11.10.2027.,1989,"86,10","147,49","12,22"
1,1,17,P_619_2014_10000_NSZ7,NIS d.o.o.,"Zgrade trgovine - veleprodaja i
maloprodaja",zgrada mje≈°ovite namjene,poslovni prostor,Split,zvonimirova ulica 48,A,"23,17",A+,"117,57",11.10.2017.,11.10.2027.,1936,"43,08","145,64","17,10"
1,1,18,F_1285_2017_10003_SZ2,Jantol Danijel,Vi≈°estambene zgrade,Vi≈°estambena zgrada,Stan Ma≈°njak,Zagreb,Ulica Vile Velebita 1,C,"75,75",C,"146,90",11.10.2017.,11.10.2027.,1973,"41,64","46,59","34,05"
1,1,19,P_809_2015_10001_SZ2,PALAM d.o.o.,Vi≈°estambene zgrade,Stambena zgrada,"Stambena zgrada sa 5 stambenih
jedinica",Zagreb,3ROMDQL√æNDXOLFD,A,"24,62",A+,"68,59",11.10.2017.,11.10.2027.,2017,"205,75","270,17","12,90"
1,1,20,F_876_2014_10001_SZ2,-HOX√£L√º$XJXVWLQ,Vi≈°estambene zgrade,Stambena zgrada,Stan u zgradi,Osijek,Fakultetska ulica 3,E,"184,68",D,"280,79",13.10.2017.,13.10.2027.,1750,"55,62","30,00","19,36"
1,1,21,P_568_2014_10000_SZ2,GIKOM d.o.o.,Vi≈°estambene zgrade,Stambena zgrada,Stan na 1. katu,Zagreb,Ilica 414,D,"105,68",C,"159,53",17.10.2017.,17.10.2027.,1963,"72,10","96,53","30,62"
1,1,22,P_619_2014_10001_SZ2,NIS d.o.o.,Vi≈°estambene zgrade,SZ2,"stan (III kat, oznaka stana 12)",Split,Karamanova 6,C,"56,27",B,"85,70",11.10.2017.,11.10.2027.,1980,"72,02","89,60","12,47"
1,1,23,F_40_2010_10000_SZ2,)UDQL√º0DULR,Vi≈°estambene zgrade,Vi≈°estambena zgrada,"stambena jedinica, stan br.2 u prizemlju",Rijeka,Petrci 1c,B,"41,47",C,"192,21",12.10.2017.,12.10.2027.,1978,"81,95","269,72","23,14"
1,1,24,F_1111_2015_10000_SZ1,%DUD√æ-DGUDQ,2ELWHOMVNHNX√ºH,2ELWHOMVND.X√ºD,,≈†ipanska Luka,Luka ≈†ipan 165,D,"125,51",C,"222,74",16.10.2017.,16.10.2027.,1971,"152,35","308,03","32,41"
1,1,25,P_586_2014_10000_SZ1,CROPROJEKT d.o.o.,2ELWHOMVNHNX√ºH,2ELWHOMVNDNX√ºD,Stan u prizemlju,Sisak,T. B. Erdodija 55,E,"152,71",C,"172,88",12.10.2017.,12.10.2027.,1956,"79,81","79,81","7,38"
1,1,26,P_619_2014_10002_SZ2,NIS d.o.o.,Vi≈°estambene zgrade,stambena zgrada,stan (S2) E2,Makarska,Veliko Brdo 83C,B,"35,41",A+,"38,87",12.10.2017.,12.10.2027.,2009,"131,80","324,09","5,65"
1,1,27,F_898_2014_10001_SZ2,3HWUDYL√º%RULV,Vi≈°estambene zgrade,stamebno-poslovna,poslovni prostor,Zagreb,Maksimirska 96,B,"38,23",C,"194,90",13.10.2017.,13.10.2027.,1996,"107,72","134,17","30,90"
1,1,28,F_898_2014_10000_SZ2,3HWUDYL√º%RULV,Vi≈°estambene zgrade,vi≈°estambena zgrada,√æHWYHURVREQLVWDQ,Rijeka,Nikole Tesle 1,B,"47,34",C,"208,58",13.10.2017.,13.10.2027.,1938,"90,39","118,81","34,57"
1,1,29,F_1285_2017_10004_SZ1,Jantol Danijel,2ELWHOMVNHNX√ºH,2ELWHOMVNDNX√ºDƒàXNVL,,1RYR√ΩL√æH,9HOLNRJRUL√æNDXOLFD,F,"244,81",D,"340,64",13.10.2017.,13.10.2027.,1960,"88,01","112,71","12,52"
1,1,30,F_10_2010_10000_SZ2,Mladen Bezjak,Vi≈°estambene zgrade,"Stambena zgrada - dvosobni stan na
II. katu",6WDQ9UNOMDQ5DGR√£HYL√º,Zagreb,1D√£L√æND,C,"51,20",C,"206,51",13.10.2017.,13.10.2027.,1986,"55,52","67,51","44,46"
1,1,31,F_876_2014_10002_SZ2,-HOX√£L√º$XJXVWLQ,Vi≈°estambene zgrade,"6WDPEHQD]JUDGD)UDQMH.XKD√æD
Osijek",Stan u zgradi,Osijek,)UDQMH.XKD√æD,E,"186,18",D,"299,01",13.10.2017.,13.10.2027.,1750,"59,55","67,20","21,83"
1,1,32,P_884_2015_10000_SZ2,CRTAONICA d.o.o.,Vi≈°estambene zgrade,"9L√£HVWDPEHQD]JUDGD%DORNRYL√ºHYD
35, Zagreb",6WDQQDNDWXVWDQ3HWUL√£L√º,Zagreb,Zinke Kunc 4,D,"122,40",D,"302,30",22.11.2017.,22.11.2027.,1965,"56,06","62,35","69,97"
1,1,33,P_884_2015_10001_SZ2,CRTAONICA d.o.o.,Vi≈°estambene zgrade,"Vi≈°estambena zgrada, Ulica Milana
≈†enoe 8B, Zagreb",6WDQ6QDNDWXVWDQ3LVD√æL√º,Zagreb,Zinke Kunc 4,B,"30,86",C,"144,58",22.12.2017.,22.12.2027.,2010,"34,94","40,47","28,69"
2,1,RBR.,"OZNAKA ENERGETSKOG
CERTIFIKATA","OVLA≈†TENA OSOBA KOJA JE IZRADILA
ENERGETSKI CERTIFIKAT","VRSTA ZGRADE PREMA PRAVILNIKU
O ENERGETSKOM PREGLEDU
ZGRADE I ENERGETSKOM
CERTIFICIRANJU",NAZIV ZGRADE,"NAZIV SAMOSTALNE UPORABNE
CJELINE",MJESTO,"8/,&$,.8√ª1,%52-","ENERGETSKI RAZRED
2'5(ƒà(17(0(/-(0
63(&,),√Ω1(*2',√¢1-(
POTREBNE TOPLINE
ENERGIJE ZA
GRIJANJE",,"ENERGETSKI RAZRED
2'5(ƒà(17(0(/-(0
63(&,),√Ω1(
GODI≈†NJE PRIMARNE
ENERGIJE",,"DATUM
IZDAVANJA
CERTIFIKATA","ROK VA≈ΩENJA
CERTIFIKATA","GODINA
ZAVR≈†ETKA
IZGRADNJE","PLO≈†TINA KORISNE
POVR≈†INE
GRIJANOG DIJELA
ZGRADE (m2)","*5$ƒà(9,16.$
(BRUTO)
POVR≈†INA
ZGRADE (m2)","63(&,),√Ω1$
GODI≈†NJA
EMISIJA
CO2"
2,1,34,P_884_2015_10002_SZ2,CRTAONICA d.o.o.,Vi≈°estambene zgrade,"9L√£HVWDPEHQD]JUDGD9UDQL√ºHYD
Zagreb",6WDQR]QDNHQDNDWXVWDQ-RYL√º,Zagreb,Zinke Kunc 4,C,"98,74",C,"193,96",23.12.2017.,23.12.2027.,2007,"65,58","80,63","38,94"
2,1,35,F_722_2014_10000_SZ2,)HUL√º1LNROD,Vi≈°estambene zgrade,"$1781$%5$1.$√¢,0,√ª$","√¢,0,√ª(9$*2/(√¢9,.$7",Split,"$1781$%5$1.$√¢,0,√ª$",B,"28,58",C,"191,55",13.10.2017.,13.10.2027.,1985,"89,64","131,02","30,37"
2,1,36,F_1170_2015_10000_NSZ7,3HWURYL√º9HGUDQ,"Zgrade trgovine - veleprodaja i
maloprodaja",Poslovna zgrada,Prodajni prostor - poljoapoteka,".RSULYQL√æNL,YDQHF",Matije Gupca 33,C,"55,40",A,"193,08",13.10.2017.,13.10.2027.,1960,"139,71","163,45","31,72"
2,1,37,F_937_2014_10003_SZ1,ƒàXNL√º-RVLS,2ELWHOMVNHNX√ºH,2ELWHOMVNDNX√ºD,,Virovitica,Kralja Petra Kre≈°imira IV 47,F,"232,38",D,"325,76",13.10.2017.,13.10.2027.,1965,"77,14","115,71","65,28"
2,1,38,F_131_2011_10000_SZ2,".X√ºDV,YDQ",Vi≈°estambene zgrade,Vi≈°estambena zgrada,Stan oznaka 10 na prvom katu (E-12),Duga Resa,Ulica 137. Brigade 4,B,"26,23",A+,"69,08",14.10.2017.,14.10.2027.,2006,"57,23","62,37","17,23"
2,1,39,F_1285_2017_10005_SZ2,Jantol Danijel,Vi≈°estambene zgrade,Vi≈°estambena zgrada,6WDQƒàXU√øHYL√º,Slavonski Brod,"8OLFD,YDQD)LOLSRYL√ºD",B,"47,11",B,"113,73",14.10.2017.,14.10.2027.,2007,"61,17","95,54","22,56"
2,1,40,F_1285_2017_10006_SZ2,Jantol Danijel,Vi≈°estambene zgrade,Vi≈°estambena zgrada,Stan 16,Dugo Selo,*RUL√æNDXOLFD,B,"29,08",C,"123,07",15.10.2017.,15.10.2027.,2009,"51,53","61,65","24,75"
2,1,41,F_1285_2017_10007_SZ2,Jantol Danijel,Vi≈°estambene zgrade,Vi≈°estambena zgrada,Stan 5,Dugo Selo,*RUL√æNDXOLFD,B,"43,38",B,"102,34",15.10.2017.,15.10.2027.,2009,"49,31","66,45","19,97"
2,1,42,F_1285_2017_10008_SZ2,Jantol Danijel,Vi≈°estambene zgrade,Vi≈°estambena zgrada,Stan Cesar,Zagreb,8OLFD%DOWD]DUD%RJL√£L√ºD,F,"239,70",D,"384,70",16.10.2017.,16.10.2027.,1958,"70,70","98,23","76,98"
2,1,43,F_876_2014_10003_SZ2,-HOX√£L√º$XJXVWLQ,Vi≈°estambene zgrade,"6WDPEHQD]JUDGD)UDQMH.XKD√æD
31000 Osijek",Stan u zgradi; ≈†ifra stana: 57167406,Osijek,)UDQMH.XKD√æD,E,"178,74",D,"268,07",16.10.2017.,16.10.2027.,1750,"56,90","57,00","18,20"
2,1,44,P_1071_2017_10000_SZ2,PROJEKTNI BIRO AK d.o.o.,Vi≈°estambene zgrade,Stan u zgradi,Stan 54068957,Split,*XQGXOL√ºHYDXOLFD,A,"23,87",D,"283,42",19.10.2017.,19.10.2027.,1960,"38,18","30,19","41,23"
2,1,45,F_876_2014_10004_SZ2,-HOX√£L√º$XJXVWLQ,Vi≈°estambene zgrade,"6WDPEHQD]JUDGD)UDQMH.XKD√æD
31000 Osijek",Stan u zgradi; ≈†ifra prostora: 57167404,Osijek,)UDQMH.XKD√æD,C,"93,42",D,"342,51",16.10.2017.,16.10.2027.,1750,"47,43","31,20","49,83"
2,1,46,P_809_2015_10002_SZ2,PALAM d.o.o.,Vi≈°estambene zgrade,Vi≈°estambena zgrada,Stan u suterenu stambene zgrade,Zagreb,",YDQL√ºJUDGVND",C,"95,73",C,"139,84",16.10.2017.,16.10.2027.,1937,"64,73","79,93","28,12"
2,1,47,P_480_2013_10000_SZ1,DOM NA KVADRAT d.o.o.,2ELWHOMVNHNX√ºH,2ELWHOMVNDNX√ºD.R]LF,,Posavski Podgajci,%UD√ºH5DGL√ºD,F,"217,95",D,"332,01",16.10.2017.,16.10.2027.,1970,"92,61","138,43","12,08"
2,1,48,P_6_2010_10000_SZ1,DOMINO d.o.o.,2ELWHOMVNHNX√ºH,"2ELWHOMVNDNX√ºD VMHYHU 
'XEURYD√æND",,Osijek,'XEURYD√æND,E,"193,83",D,"296,31",16.10.2017.,16.10.2027.,1948,"102,42","128,03","20,55"
2,1,49,P_509_2014_10001_NSZ2,APG - IN≈ΩENJERING d.o.o.,Zgrade za obrazovanje,Osnovna ≈†kola Martijanec,≈†kolska zgrada,Martijanec,≈†kolska ulica 3,E,"195,61",G,"381,10",27.10.2017.,27.10.2027.,1972,"1402,68","1963,04","75,49"
2,1,50,F_1285_2017_10009_SZ2,Jantol Danijel,Vi≈°estambene zgrade,Vi≈°estambena zgrada,Stan Krpan,Osijek,≈Ωupanijska ulica 41,G,"259,29",D,"400,01",16.10.2017.,16.10.2027.,1847,"39,62","53,27","81,45"
2,1,51,F_876_2014_10005_SZ2,-HOX√£L√º$XJXVWLQ,Vi≈°estambene zgrade,"6WDPEHQD]JUDGD)UDQMH.XKD√æD
31000 Osijek",Stan u zgradi; ≈†ifra prostora: 57167405,Osijek,)UDQMH.XKD√æD,C,"79,10",D,"335,54",17.10.2017.,17.10.2027.,1750,"66,13","42,60","48,82"
2,1,52,P_160_2011_10001_SZ2,PROJEKTNI BIRO VITAS d.o.o.,Vi≈°estambene zgrade,"Stan na 2. katu stambeno-poslovne
zgrade",Eta≈æno vlasni≈°tvo E-13,Karlovac,Ulica V. Nazora 12,E,"197,47",D,"324,28",16.10.2017.,16.10.2027.,1939,"62,46","86,74","11,78"
2,1,53,F_936_2014_10000_SZ1,*D√£SDURYL√º7RPLVODY,2ELWHOMVNHNX√ºH,Stambena zgrada,,",√æL√ºL",Ulica Antona Dminaka 13,C,"85,48",C,"138,44",16.10.2017.,16.10.2027.,1987,"227,48","278,16","33,66"
2,1,54,F_131_2011_10001_SZ1,".X√ºDV,YDQ",2ELWHOMVNHNX√ºH,2ELWHOMVNDNX√ºD,,Ilovac,Ilovac 1C,G,"367,52",F,"602,45",16.10.2017.,16.10.2027.,1985,"59,10","107,22","23,48"
2,1,55,F_1285_2017_10010_SZ2,Jantol Danijel,Vi≈°estambene zgrade,Vi≈°estambena zgrada,Stan Videc,Zagreb,Ru≈æmarinka 17,C,"65,37",B,"112,81",16.10.2017.,16.10.2027.,1980,"61,43","76,87","2,66"
2,1,56,F_1019_2015_10000_SZ2,Krcivoj Miroslav,Vi≈°estambene zgrade,Stan u stambenoj zgradi,SZ2,Zagreb,Trg Josipa Langa 2,E,"164,78",C,"239,53",17.10.2017.,17.10.2027.,1931,"129,43","208,58","48,17"
2,1,57,F_937_2014_10004_SZ2,ƒàXNL√º-RVLS,Vi≈°estambene zgrade,Stambena zgrada,Stan - IV kat,Osijek,9LMHQDF/MXEH%DEL√ºD,F,"227,47",D,"319,36",17.10.2017.,17.10.2027.,1968,"56,67","68,87","63,97"
2,1,58,P_294_2013_10001_SZ2,QUANTUM STUDIO d.o.o.,Vi≈°estambene zgrade,vi≈°estambena zgrada,stan,Virovitica,3HMD√æHYL√ºHYDXOLFD,A,"21,69",A,"84,93",17.10.2017.,17.10.2027.,2008,"72,70","47,68","14,65"
2,1,59,P_809_2015_10003_SZ2,PALAM d.o.o.,Vi≈°estambene zgrade,Vi≈°estambena zgrada,Stan na 4.katu,Zagreb,Sibeliusova 4,C,"85,90",C,"127,14",17.10.2017.,17.10.2027.,1979,"76,87","87,35","25,57"
2,1,60,F_876_2014_10006_SZ2,-HOX√£L√º$XJXVWLQ,Vi≈°estambene zgrade,"Zgrada u ulici kneza Domagoja 21,
10000 Zagreb",Stan u zgradi - 4. kat; Stilin,Zagreb,Ulica kneza Domagoja 21,C,"78,20",C,"179,23",17.10.2017.,17.10.2027.,1959,"90,77","67,25","32,12"
2,1,61,F_381_2013_10000_SZ2,&LQGUL√º0DULMDQ,Vi≈°estambene zgrade,VI≈†ESTAMBENA ZGRADA,"67$1),/,329,√ª(",Osijek,8√Ω.$,A,"20,62",A+,"72,98",17.10.2017.,17.10.2027.,2007,"106,35","132,12","13,18"
2,1,62,P_904_2015_10000_SZ1,Statera d.o.o.,2ELWHOMVNHNX√ºH,-HGQRRELWHOMVNDJUD√øHYLQD,,Srima,Srima XVII br.12/b,A,"24,97",A+,"24,97",24.10.2017.,24.10.2027.,2017,"125,57","171,58","0,23"
2,1,63,P_904_2015_10001_NSZ1,Statera d.o.o.,Uredske zgrade,"POSLOVNA ZGRADA ZA PRIJEM
STRANAKA",POSLOVNI PROSTOR,Osijek,=$3$'1235('*5$ƒà(,A,"21,75",F,"158,56",24.10.2017.,24.10.2027.,2017,"208,16","208,16","24,39"
2,1,64,P_353_2013_10000_NSZ7,M PLAN d.o.o.,"Zgrade trgovine - veleprodaja i
maloprodaja","Prodavaonica neprehrambenih
proizvoda","Prodavaonica neprehrambenih
proizvoda",Bjelovar,Vladimira Nazora 27,C,"56,28",A+,"119,42",23.10.2017.,23.10.2027.,1968,"123,59","184,07","21,01"
2,1,65,F_815_2014_10000_SZ2,Jeromela Davor,Vi≈°estambene zgrade,2ELWHOMVNDNX√ºDXQL]X,,Umag,M.V. Ilirika 33,B,"41,74",A,"54,05",18.10.2017.,18.10.2027.,1993,"177,51","311,33","14,23"
2,1,66,F_876_2014_10007_SZ2,-HOX√£L√º$XJXVWLQ,Vi≈°estambene zgrade,"6WDPEHQD]JUDGD)UDQMH.XKD√æD
31000 Osijek",Stan u zgradi; ≈†ifra stana: 57167403,Osijek,)UDQMH.XKD√æD,C,"81,21",D,"347,30",17.10.2017.,17.10.2027.,1750,"43,37","32,40","50,53"
2,1,67,P_904_2015_10002_SZ2,Statera d.o.o.,Vi≈°estambene zgrade,"VI≈†ESTAMBENA
ZGRADA/STAN_7.KAT",STAN,Osijek,SJENJAK 44,E,"156,63",C,"242,31",24.10.2017.,24.10.2027.,1970,"53,78","53,78","45,55"
2,1,68,F_25_2010_10000_SZ2,&RERYL√º'DUNR,Vi≈°estambene zgrade,,"Dvosobni stan na III katu, lijevo",Zagreb,Biankinijeva 17,E,"163,95",D,"303,33",20.10.2017.,20.10.2027.,1937,"83,68","85,54","60,25"
3,1,RBR.,"OZNAKA ENERGETSKOG
CERTIFIKATA","OVLA≈†TENA OSOBA KOJA JE IZRADILA
ENERGETSKI CERTIFIKAT","VRSTA ZGRADE PREMA PRAVILNIKU
O ENERGETSKOM PREGLEDU
ZGRADE I ENERGETSKOM
CERTIFICIRANJU",NAZIV ZGRADE,"NAZIV SAMOSTALNE UPORABNE
CJELINE",MJESTO,"8/,&$,.8√ª1,%52-","ENERGETSKI RAZRED
2'5(ƒà(17(0(/-(0
63(&,),√Ω1(*2',√¢1-(
POTREBNE TOPLINE
ENERGIJE ZA
GRIJANJE",,"ENERGETSKI RAZRED
2'5(ƒà(17(0(/-(0
63(&,),√Ω1(
GODI≈†NJE PRIMARNE
ENERGIJE",,"DATUM
IZDAVANJA
CERTIFIKATA","ROK VA≈ΩENJA
CERTIFIKATA","GODINA
ZAVR≈†ETKA
IZGRADNJE","PLO≈†TINA KORISNE
POVR≈†INE
GRIJANOG DIJELA
ZGRADE (m2)","*5$ƒà(9,16.$
(BRUTO)
POVR≈†INA
ZGRADE (m2)","63(&,),√Ω1$
GODI≈†NJA
EMISIJA
CO2"
3,1,69,P_263_2013_10000_SZ2,FIBOS d.o.o.,Vi≈°estambene zgrade,STAMBENA ZGRADA,,Zadar,"√§0,5,√ª,",A+,"13,25",A+,"42,99",17.10.2017.,17.10.2027.,2017,"416,90","523,99","4208,00"
3,1,70,F_1083_2015_10000_SZ1,0RURYL√º7RPLVODY,2ELWHOMVNHNX√ºH,Stambena zgrada - SZ1,Stan S1 na 2 katu,√§DERUL√º,3MH√£√æDQHSOD√•H√§DERUL√º,A,"16,59",A+,"15,98",17.10.2017.,17.10.2027.,2015,"105,00","115,00","2,32"
3,1,71,F_40_2010_10001_SZ2,)UDQL√º0DULR,Vi≈°estambene zgrade,Vi≈°estambena zgrada,"stambena jedinica, trosoban stan broj
22 u prizemlju",Rijeka,$QWXQD.RVL√ºD5LND$,B,"37,94",D,"235,04",17.10.2017.,17.10.2027.,1960,"53,53","48,07","34,19"
3,1,72,F_876_2014_10008_SZ1,-HOX√£L√º$XJXVWLQ,2ELWHOMVNHNX√ºH,"2ELWHOMVNDNX√ºD3H√£√ºHQLFD
Turopoljska 31",2ELWHOMVNDNX√ºD,3H√£√ºHQLFD,7XURSROMVNDXOLFD3H√£√ºHQLFD,C,"81,30",A,"58,68",18.10.2017.,18.10.2027.,2015,"51,35","75,00","8,70"
3,1,73,F_1285_2017_10011_SZ1,Jantol Danijel,2ELWHOMVNHNX√ºH,2ELWHOMVNDNX√ºD%DUNRYL√º,,Podvrh,Ko≈ælak 24,C,"82,17",B,"113,05",18.10.2017.,18.10.2027.,2013,"109,77","125,52","6,44"
3,1,74,P_1036_2016_10000_NSZ1,Adeo engineering d.o.o.,Uredske zgrade,Poslovni prostor,,Zagreb,Koranska 1b,D,"116,35",C,"82,72",18.10.2017.,18.10.2027.,1992,"23,00","28,00","11,99"
3,1,75,P_536_2014_10000_SZ2,ARHITEKTON d.o.o.,Vi≈°estambene zgrade,VI≈†ESTAMBENA ZGRADA,Dvosobni stan broj 7 na 3. katu,Osijek,"9,-(1$&3$-(.2/$5,√ª$",C,"81,01",C,"159,97",18.10.2017.,18.10.2027.,1965,"66,55","81,95","36,80"
3,1,76,P_809_2015_10004_SZ2,PALAM d.o.o.,Vi≈°estambene zgrade,Vi≈°estambena zgrada,Stan u potkrovlju,Zagreb,Ribnjak42,F,"242,58",D,"331,35",18.10.2017.,18.10.2027.,1910,"38,17","52,05","65,49"
3,1,77,P_613_2014_10000_SZ2,Realitas EnCert d.o.o.,Vi≈°estambene zgrade,Stambena zgrada u Virovitici,"Stan u stambenoj zgradi vl.Vladimira
Kulej",Virovitica,Ljudevita Gaja 16,B,"47,58",C,"192,67",19.10.2017.,19.10.2027.,1968,"36,10","21,90","30,93"
3,1,78,F_381_2013_10001_SZ2,&LQGUL√º0DULMDQ,Vi≈°estambene zgrade,STAN U VI≈†ESTAMBENOJ ZGRADI,"67$15$'8/29,√ª",Osijek,DRINSKA 10-P/IV,B,"45,69",C,"120,44",18.10.2017.,18.10.2027.,1987,"50,84","63,28","24,15"
3,1,79,P_509_2014_10000_NSZ6,APG - IN≈ΩENJERING d.o.o.,Sportske dvorane,Osnovna ≈†kola Martijanec - Dvorana,Sportska dvorana,Martijanec,≈†kolska ulica 3,G,"379,36",B,"339,95",27.10.2017.,27.10.2027.,1972,"634,64","687,00","68,27"
3,1,80,P_904_2015_10003_NSZ4,Statera d.o.o.,Hoteli i restorani,Caffe bar,Caffe bar,Osijek,"8OLFD,YDQD*XQGXOL√ºD",C,"79,46",C,"158,03",24.10.2017.,24.10.2027.,1990,"24,16","24,16","27,83"
3,1,81,P_773_2014_10001_SZ2,"√ª85,11$87,.$GRR",Vi≈°estambene zgrade,"Poslovno stambena zgrada Trg
EUD√ºH5DGL√º",Stan E - 6,Split,7UJEUD√ºH5DGL√º,C,"73,30",B,"82,86",19.10.2017.,19.10.2027.,1850,"55,30","83,59","12,05"
3,1,82,P_904_2015_10004_SZ2,Statera d.o.o.,Vi≈°estambene zgrade,Stambeni objekt,,Tribunj,≈†ibenska 16,A,"18,65",A+,"35,41",24.10.2017.,24.10.2027.,2017,"163,60","168,31","0,23"
3,1,83,P_871_2015_10000_SZ2,KONOID j.d.o.o.,Vi≈°estambene zgrade,Stambena zgrada,Stan Hadlek,Zagreb,√ΩDQL√ºHYD,C,"74,38",D,"341,00",19.10.2017.,19.10.2027.,1984,"38,26","42,09","7,29"
3,1,84,P_119_2011_10000_SZ2,CITARA d.o.o.,Vi≈°estambene zgrade,Stambena zgrada,Stan u potkrovlju,Samobor,0LUQRYH√æNDXOLFD,B,"48,19",A,"83,07",19.10.2017.,19.10.2027.,2010,"98,73","245,31","16,36"
3,1,85,P_1036_2016_10001_SZ2,Adeo engineering d.o.o.,Vi≈°estambene zgrade,Vi≈°estambena zgrada,Stan,Rijeka,≈†kurijska cesta 11,A,"17,93",A+,"28,94",19.10.2017.,19.10.2027.,1968,"41,64","45,50","4,20"
3,1,86,F_1145_2015_10000_SZ1,+UQ√æL√º1LNROD,2ELWHOMVNHNX√ºH,2ELWHOMVNDNX√ºD√¢LPL√º,,0XUVNR6UHGL√£√ºH,Kralja Zvonimira 49,C,"63,99",C,"142,87",26.10.2017.,26.10.2027.,1988,"205,50","381,35","25,44"
3,1,87,F_876_2014_10009_SZ2,-HOX√£L√º$XJXVWLQ,Vi≈°estambene zgrade,"6WDPEHQD]JUDGD)UDQMH.XKD√æD
31000 Osijek",Stan u zgradi; ≈†ifra prostora: 57167409,Osijek,)UDQMH.XKD√æD,C,"75,75",C,"236,37",19.10.2017.,19.10.2027.,1750,"65,95","46,20","25,57"
3,1,88,P_809_2015_10005_SZ2,PALAM d.o.o.,Vi≈°estambene zgrade,Vi≈°estambena zgrada,Stan na 2.katu (lijevo),Zagreb,Ulica Crvenog kri≈æa 3,C,"77,40",C,"153,76",19.10.2017.,19.10.2027.,1967,"42,43","55,45","22,37"
3,1,89,P_645_2014_10000_SZ2,GOGING d.o.o.,Vi≈°estambene zgrade,Stambena zgrada,Stan na prvom katu,Zagreb,9R√ºDUVND$,E,"177,85",D,"296,56",19.10.2017.,19.10.2027.,1930,"74,60","124,65","59,23"
3,1,90,P_1036_2016_10002_SZ1,Adeo engineering d.o.o.,2ELWHOMVNHNX√ºH,6WDPEHQDNX√ºD,,ƒàXU√øHYDF,Kralja Tomislava 97,G,"305,69",D,"349,66",19.10.2017.,19.10.2027.,1963,"91,66","100,00","70,25"
3,1,91,P_730_2014_10000_SZ2,TETRA NAVIS d.o.o.,Vi≈°estambene zgrade,"3DOD√æD2√•HJRYL√ºYL√£HVWDPEHQD
zgrada","VWDQ7$',-$129,√ª",Zagreb,Trg Nikole Zrinskog 17/2,E,"160,96",C,"263,59",23.10.2017.,23.10.2027.,1930,"38,80","50,89","58,45"
3,1,92,P_809_2015_10006_SZ1,PALAM d.o.o.,2ELWHOMVNHNX√ºH,2ELWHOMVNDNX√ºD,,Zagreb,2SURYH√æNLRGYRMDN,C,"60,47",B,"109,87",19.10.2017.,19.10.2027.,1982,"208,87","239,70","21,23"
3,1,93,F_815_2014_10001_SZ1,Jeromela Davor,2ELWHOMVNHNX√ºH,Obiteljska stambena zgrada,'YRMQDRELWHOMVNDNX√ºD,Vodnjan,Betiga 152,B,"47,43",A,"47,43",19.10.2017.,19.10.2027.,2005,"164,76","384,63","1,38"
3,1,94,F_381_2013_10002_SZ2,&LQGUL√º0DULMDQ,Vi≈°estambene zgrade,STAN U VI≈†ESTAMBENOJ ZGRADI,STAN BARABAN,Osijek,VUKOVARSKA 64,B,"49,71",C,"133,21",19.10.2017.,19.10.2027.,1967,"56,80","71,86","26,59"
3,1,95,P_1036_2016_10003_SZ1,Adeo engineering d.o.o.,2ELWHOMVNHNX√ºH,6WDPEHQDNX√ºD,6WDPEHQDNX√ºD,3LWRPD√æD,Pavleka Mi≈°kine 25,G,"257,42",D,"289,49",19.10.2017.,19.10.2027.,1975,"99,30","107,00","12,11"
3,1,96,P_536_2014_10001_SZ1,ARHITEKTON d.o.o.,2ELWHOMVNHNX√ºH,.X√ºD]DRGPRU,,Aljma≈°,"Bele Bartoka 28, Daljska Planina",F,"229,28",D,"373,41",19.10.2017.,19.10.2027.,1982,"49,79","63,26","13,28"
3,1,97,P_160_2011_10002_SZ2,PROJEKTNI BIRO VITAS d.o.o.,Vi≈°estambene zgrade,"Stan na 5. katu stambeno-poslovne
zgrade",Eta≈æno vlasni≈°tvo E-19,Karlovac,Ulica kralja Petra Kre≈°imira IV 6C,C,"99,98",C,"220,13",19.10.2017.,19.10.2027.,1980,"34,40","43,00","52,30"
3,1,98,P_6_2010_10001_SZ2,DOMINO d.o.o.,Vi≈°estambene zgrade,9L√£HVWDPEHQD√æHWYHURNDWQD]JUDGD,Stan br. 38 na 4. katu,Osijek,Bosutska 3,E,"161,29",D,"278,05",19.10.2017.,19.10.2027.,1968,"34,23","42,79","51,21"
3,1,99,P_1036_2016_10004_SZ2,Adeo engineering d.o.o.,Vi≈°estambene zgrade,Vi≈°estambena zgrada,Stan,Rijeka,5DWND3HWURYL√ºD,A+,"6,32",A+,"6,60",19.10.2017.,19.10.2027.,1970,"60,32","65,00","1,33"
3,1,100,P_142_2011_10003_SZ2,ALFA-IN≈ΩENJERING d.o.o.,Vi≈°estambene zgrade,Vi≈°estambena zgrada,Stan na 2. katu (E-3),Pula,Nezakcijska ulica 11,C,"84,22",C,"150,62",24.10.2017.,24.10.2027.,1870,"38,75","54,40","27,80"
3,1,101,P_397_2013_10000_SZ2,STABILNOST d.o.o.,Vi≈°estambene zgrade,"0DQMDVWDPEHQDJUD√øHYLQDR]QDNH
¬≥B¬¥",,Solin,8OLFD%UD√ºH.DWL√º$,A,"17,45",A,"54,38",20.10.2017.,20.10.2027.,2017,"180,85","218,55","7,91"
3,1,102,P_576_2014_10000_SZ2,MHM-PROJEKT d.o.o.,Vi≈°estambene zgrade,Stan u stambenoj zgradi,Stan na 6.katu,Zagreb,Vla≈°ka ulica 62,D,"148,90",D,"278,92",19.10.2017.,19.10.2027.,1990,"60,00","117,46","55,94"
3,1,103,P_118_2011_10000_SZ1,TAENIA d.o.o.,2ELWHOMVNHNX√ºH,STAMBENA ZGRADA SZ 1,2ELWHOMVNDNX√ºD,Vukovar,Tri ru≈æe 56,G,"267,94",C,"261,02",20.10.2017.,20.10.2027.,1960,"104,17","189,53","52,49"
3,1,104,P_505_2014_10000_SZ2,ARHITEKTURA LOZICA d.o.o.,Vi≈°estambene zgrade,0DULQD'U√•L√ºD&,"6WDQ√ΩRUDOL√º0XMR,9NDW",Karlovac,0DULQD'U√•L√ºD&,D,"107,64",C,"207,01",19.10.2017.,19.10.2027.,1977,"57,27","71,58","3626,58"
3,1,105,F_636_2014_10000_SZ1,"2UORYL√º,YLFD",2ELWHOMVNHNX√ºH,2ELWHOMVNDNX√ºD,,'RQMD3X√£√ºD,6WUPH√æNDXOLFD,C,"76,51",C,"194,11",20.10.2017.,20.10.2027.,1979,"110,35","160,58","36,92"
4,1,RBR.,"OZNAKA ENERGETSKOG
CERTIFIKATA","OVLA≈†TENA OSOBA KOJA JE IZRADILA
ENERGETSKI CERTIFIKAT","VRSTA ZGRADE PREMA PRAVILNIKU
O ENERGETSKOM PREGLEDU
ZGRADE I ENERGETSKOM
CERTIFICIRANJU",NAZIV ZGRADE,"NAZIV SAMOSTALNE UPORABNE
CJELINE",MJESTO,"8/,&$,.8√ª1,%52-","ENERGETSKI RAZRED
2'5(ƒà(17(0(/-(0
63(&,),√Ω1(*2',√¢1-(
POTREBNE TOPLINE
ENERGIJE ZA
GRIJANJE",,"ENERGETSKI RAZRED
2'5(ƒà(17(0(/-(0
63(&,),√Ω1(
GODI≈†NJE PRIMARNE
ENERGIJE",,"DATUM
IZDAVANJA
CERTIFIKATA","ROK VA≈ΩENJA
CERTIFIKATA","GODINA
ZAVR≈†ETKA
IZGRADNJE","PLO≈†TINA KORISNE
POVR≈†INE
GRIJANOG DIJELA
ZGRADE (m2)","*5$ƒà(9,16.$
(BRUTO)
POVR≈†INA
ZGRADE (m2)","63(&,),√Ω1$
GODI≈†NJA
EMISIJA
CO2"
4,1,106,P_59_2010_10000_SZ2,ELEKTRON d.o.o.,Vi≈°estambene zgrade,Stambena zgrada u Krku,Stan br. 3 u prizemlju,Krk,Otokara Ker≈°ovanija 2,D,"130,47",C,"129,60",19.10.2017.,19.10.2027.,1995,"33,01","40,90","18,85"
4,1,107,F_1285_2017_10012_SZ2,Jantol Danijel,Vi≈°estambene zgrade,Vi≈°estambena zgrada,Stan B-2-3,Zagreb,Samoborska cesta 155B,B,"35,03",B,"114,24",19.10.2017.,19.10.2027.,2009,"39,30","41,62","22,49"
4,1,108,P_613_2014_10001_SZ2,Realitas EnCert d.o.o.,Vi≈°estambene zgrade,"Stambena zgrada Trg Ante
6WDU√æHYL√ºD",Stan vl.Darko Kulej,Virovitica,7UJ$QWH6WDU√æHYL√ºD,C,"68,17",C,"207,31",19.10.2017.,19.10.2027.,1974,"61,31","17,89","41,87"
4,1,109,P_979_2016_10000_SZ2,Ut Forming d.o.o.,Vi≈°estambene zgrade,Stambena zgrada - SZ2,"6WDQYODVQLN ,YR0RVWDU√æL√º",Zagreb,%RJL√£L√ºHYDXO,D,"136,17",C,"166,28",19.10.2017.,19.10.2027.,1949,"45,67","40,39","8,85"
4,1,110,P_1036_2016_10005_SZ2,Adeo engineering d.o.o.,Vi≈°estambene zgrade,Vi≈°estambena zgrada,Stan,Zagreb,+UJRYL√ºL,C,"76,08",B,"105,78",20.10.2017.,20.10.2027.,100,"47,88","52,50","21,25"
4,1,111,P_294_2013_10002_SZ1,QUANTUM STUDIO d.o.o.,2ELWHOMVNHNX√ºH,RELWHOMVNDNX√ºD,,√¢SL√£L√º%XNRYLFD,Pavleka Mi≈°kine 9/B,F,"229,02",D,"393,65",20.10.2017.,20.10.2027.,1986,"122,11","165,71","58,03"
4,1,112,P_397_2013_10001_SZ2,STABILNOST d.o.o.,Vi≈°estambene zgrade,"0DQMDVWDPEHQDJUD√øHYLQDR]QDNH
¬≥C¬¥",,Solin,8OLFD%UD√ºH.DWL√º%,B,"25,18",A,"64,88",20.10.2017.,20.10.2027.,2017,"171,75","206,32","9,44"
4,1,113,P_411_2013_10000_SZ2,COART d.o.o.,Vi≈°estambene zgrade,Vi≈°estambena zgrada,Stan na 2. katu,Koprivnica,J.J. Strossmayera 3,C,"77,08",C,"131,55",20.10.2017.,20.10.2027.,1988,"58,00","72,00","24,87"
4,1,114,P_1036_2016_10006_SZ2,Adeo engineering d.o.o.,Vi≈°estambene zgrade,SZ2,6WDQ5XQMDL√º,Zagreb,≈†etali≈°te 150. brigade 8,B,"34,07",A+,"11,58",20.10.2017.,20.10.2027.,2006,"56,54","67,84","1,68"
4,1,115,P_397_2013_10002_SZ2,STABILNOST d.o.o.,Vi≈°estambene zgrade,"6ORERGQRVWRMH√ºDVWDPEHQD
JUD√øHYLQD",,Makarska,-,B,"30,18",A,"55,18",20.10.2017.,20.10.2027.,2017,"760,47","1164,00","8,03"
4,1,116,F_1200_2016_10000_SZ2,Komorski Darko,Vi≈°estambene zgrade,Stambena zgrada,Stan u zgradi,≈†ibenik,Ulica branitelja domovinskog rata 5,C,"53,39",C,"136,42",20.10.2017.,20.10.2027.,1975,"48,59","61,32","23,86"
4,1,117,P_568_2014_10001_SZ2,GIKOM d.o.o.,Vi≈°estambene zgrade,Stambena zgrada,Stan,Petrinja,Slavka Kolara 7A,C,"74,41",B,"111,66",20.10.2017.,20.10.2027.,1972,"31,68","38,16","7,58"
4,1,118,P_272_2013_10000_SZ2,CONVEXO d.o.o.,Vi≈°estambene zgrade,Stan u potkrovlju,Stan,Karlovac,Banija 73b,G,"255,54",D,"331,71",20.10.2017.,20.10.2027.,1960,"23,00","78,00","221,68"
4,1,119,P_290_2013_10000_SZ1,TESLA d.o.o.,2ELWHOMVNHNX√ºH,"RELWHOMVNDNX√ºD'ROHQHF.R√£NRYHF
4D","RELWHOMVNDNX√ºD'ROHQHF.R√£NRYHF
4D",Maru≈°evec,Ko≈°kovec 4D,C,"70,62",C,"150,51",25.10.2017.,25.10.2027.,1982,"100,50","186,84","29,98"
4,1,120,F_363_2013_10000_SZ2,≈†a≈°a Predrag,Vi≈°estambene zgrade,Stambena zgrada SZ1,"Stan br 10, II kat",Crikvenica,Vatroslava Lisinskog 6,C,"76,44",B,"83,56",20.10.2017.,20.10.2027.,1992,"19,05","24,27","12,16"
4,1,121,F_143_2011_10000_SZ1,0LNL√æL√º$QGULMD,2ELWHOMVNHNX√ºH,2ELWHOMVNDNX√ºD8UOL√º,,Donji Miholjac,Vukovarska 63,F,"235,38",C,"262,60",23.10.2017.,23.10.2027.,1962,"74,35","94,91","13,52"
4,1,122,P_576_2014_10001_SZ2,MHM-PROJEKT d.o.o.,Vi≈°estambene zgrade,Stambeno poslovna zgrada - stan,Stan na 6. katu,Zagreb,6DYH]QH5HSXEOLNH1MHPD√æNH,E,"155,20",D,"289,39",20.10.2017.,20.10.2027.,1980,"120,00","146,00","66,44"
4,1,123,F_282_2013_10000_SZ2,0DWL√º*RUDQD,Vi≈°estambene zgrade,Stambena zgrada,Stan na drugom katu stambene zgrade,Zagreb,Ulica kralja Zvonimira 114,E,"178,57",D,"370,07",20.10.2017.,20.10.2027.,1929,"98,48","146,50","53,84"
4,1,124,P_1058_2017_10000_SZ2,KGT CERTIFICIRANJE j.d.o.o.,Vi≈°estambene zgrade,Kolarova 2 / prizemlje,Stan,Zagreb,Kolarova 2,D,"138,97",C,"193,49",22.10.2017.,22.10.2027.,1969,"34,09","43,69","37,37"
4,1,125,F_355_2013_10000_NSZ2,/HQ√æH.DIHG√•LVND,Zgrade za obrazovanje,'MH√æMLYUWL√º,DV Mali princ,Osijek,Dunavska 86,B,"29,84",C,"79,94",21.10.2017.,21.10.2027.,2017,"252,72","309,25","14,16"
4,1,126,F_301_2013_10000_SZ2,Surjan ≈Ωeljan,Vi≈°estambene zgrade,Stambena zgrada,Stan u stambenoj zgradi,Zagreb,Kamenarka 34,A,"22,05",A+,"0,48",21.10.2017.,21.10.2027.,2009,"53,60","66,70","0,07"
4,1,127,F_636_2014_10001_SZ2,"2UORYL√º,YLFD",Vi≈°estambene zgrade,,Stan u zgradi - 2.kat,Zagreb-Dubrava,Molvanska ulica 1,B,"25,37",C,"128,22",22.10.2017.,22.10.2027.,2007,"48,61","59,86","23,89"
4,1,128,F_1285_2017_10013_SZ1,Jantol Danijel,2ELWHOMVNHNX√ºH,2ELWHOMVNDNX√ºD,,Zagreb,'UDJDQL√æND,C,"58,58",B,"113,67",21.10.2017.,21.10.2027.,2015,"113,70","232,45","22,71"
4,1,129,F_341_2013_10000_SZ2,1HVWL√º0DULR,Vi≈°estambene zgrade,Stambena zgrada,Stan br 112 na III katu,Zagreb,")HUHQ√æLFD,",C,"63,26",C,"136,17",22.10.2017.,22.10.2027.,1986,"53,76","61,09","33,04"
4,1,130,F_363_2013_10001_SZ2,≈†a≈°a Predrag,Vi≈°estambene zgrade,Stambena zgrada,"stan br 6, potkrovlje",Selce,Trg palih boraca 26,C,"88,68",C,"92,34",22.10.2017.,22.10.2027.,2000,"24,51","32,67","13,43"
4,1,131,F_40_2010_10002_SZ1,)UDQL√º0DULR,2ELWHOMVNHNX√ºH,VWDPEHQD]JUDGDNX√ºD,RELWHOMVNDNX√ºD,Dra≈æice,Vele Dra≈æice 38,D,"135,54",D,"287,15",22.10.2017.,22.10.2027.,1900,"51,26","78,43","26,00"
4,1,132,F_815_2014_10002_SZ1,Jeromela Davor,2ELWHOMVNHNX√ºH,2ELWHOMVNDNX√ºDXQL]X,,Ka≈°telir,%DEL√ºL,E,"150,15",C,"182,71",22.10.2017.,22.10.2027.,1900,"77,97","113,03","9,11"
4,1,133,F_341_2013_10001_SZ2,1HVWL√º0DULR,Vi≈°estambene zgrade,Stambena zgrada,Stan na 5 katu,Zagreb,Vjekoslava Heinzela 26,E,"166,67",D,"307,67",22.10.2017.,22.10.2027.,1930,"64,78","77,74","61,55"
4,1,134,P_919_2015_10000_SZ2,BRONZA d.o.o.,Vi≈°estambene zgrade,Stambena zgrada,Stan Holovka,Split,Ulica Slobode 43,C,"80,30",C,"218,14",22.10.2017.,22.10.2027.,1965,"64,00","56,14","31,74"
4,1,135,F_1285_2017_10043_SZ1,Jantol Danijel,2ELWHOMVNHNX√ºH,2ELWHOMVNDNX√ºD6WDQL√£DN,,'RQML/DGX√æ,Ulica Matije Gupca 3,C,"52,15",B,"85,63",18.12.2017.,18.12.2027.,2009,"302,88","378,00","17,10"
4,1,136,P_809_2015_10007_SZ2,PALAM d.o.o.,Vi≈°estambene zgrade,Vi≈°estambena zgrada,Stan oznake A u prizemlju,Sesvete,Ive Horvata 8,C,"73,35",B,"115,45",23.10.2017.,23.10.2027.,2006,"55,60","69,85","23,22"
4,1,137,P_514_2014_10000_SZ2,KOPGRAD STUDIO d.o.o.,Vi≈°estambene zgrade,Vi≈°estambena zgrada,Stan visoko prizemlje,Zagreb,Trnsko 33c,C,"57,85",D,"321,45",23.10.2017.,23.10.2027.,1964,"47,29","60,80","51,48"
4,1,138,P_6_2010_10002_SZ2,DOMINO d.o.o.,Vi≈°estambene zgrade,Vi≈°estambena peterokatna zgrada,Stan na 1. katu,Osijek,.UDOMD3HWUD6YD√æL√ºDD,C,"66,25",D,"310,65",23.10.2017.,23.10.2027.,1960,"55,07","66,08","45,19"
4,1,139,P_601_2014_10000_SZ1,TORZO d.o.o.,2ELWHOMVNHNX√ºH,2ELWHOMVNDNX√ºD7HQ√•HUD,2ELWHOMVNDNX√ºD,Marinci,Ulica hrvatskog vojnika 17,G,"485,03",E,"523,78",24.10.2017.,24.10.2027.,1965,"81,25","98,49","19,75"
4,1,140,P_505_2014_10001_SZ2,ARHITEKTURA LOZICA d.o.o.,Vi≈°estambene zgrade,Jurjevska 10,6WDQXVXWHUHQX2√£WUL√º*RUDQ,Zagreb,Jurjevska 10,D,"130,37",C,"156,82",23.10.2017.,23.10.2027.,1897,"31,60","51,45","1091,09"
4,1,141,P_1036_2016_10008_SZ2,Adeo engineering d.o.o.,Vi≈°estambene zgrade,Vi≈°estambena zgrada,Stan,Zagreb,Papova 2,B,"47,43",B,"109,68",23.10.2017.,23.10.2027.,1965,"55,55","62,00","15,90"
4,1,142,P_619_2014_10003_SZ2,NIS d.o.o.,Vi≈°estambene zgrade,stambena zgrada,stan,Split,YLQNRYD√æDND,D,"130,27",C,"132,39",23.10.2017.,23.10.2027.,1978,"59,46","70,10","19,26"
4,1,143,F_381_2013_10003_SZ1,&LQGUL√º0DULMDQ,2ELWHOMVNHNX√ºH,OBITELJSKA STAMBENA ZGRADA,".8√ª$-85.29,√ª",Osijek,"69/%0$1',√ª$",D,"125,31",C,"174,87",23.10.2017.,23.10.2027.,1969,"54,38","69,79","33,83"
4,1,144,P_809_2015_10008_SZ2,PALAM d.o.o.,Vi≈°estambene zgrade,Vi≈°estambena zgrada,Stan br.208 na 2. katu,Zagreb,Rude≈°ka cesta 244,A+,"13,01",A+,"57,27",23.10.2017.,23.10.2027.,2007,"83,24","99,91","10,42"
5,1,RBR.,"OZNAKA ENERGETSKOG
CERTIFIKATA","OVLA≈†TENA OSOBA KOJA JE IZRADILA
ENERGETSKI CERTIFIKAT","VRSTA ZGRADE PREMA PRAVILNIKU
O ENERGETSKOM PREGLEDU
ZGRADE I ENERGETSKOM
CERTIFICIRANJU",NAZIV ZGRADE,"NAZIV SAMOSTALNE UPORABNE
CJELINE",MJESTO,"8/,&$,.8√ª1,%52-","ENERGETSKI RAZRED
2'5(ƒà(17(0(/-(0
63(&,),√Ω1(*2',√¢1-(
POTREBNE TOPLINE
ENERGIJE ZA
GRIJANJE",,"ENERGETSKI RAZRED
2'5(ƒà(17(0(/-(0
63(&,),√Ω1(
GODI≈†NJE PRIMARNE
ENERGIJE",,"DATUM
IZDAVANJA
CERTIFIKATA","ROK VA≈ΩENJA
CERTIFIKATA","GODINA
ZAVR≈†ETKA
IZGRADNJE","PLO≈†TINA KORISNE
POVR≈†INE
GRIJANOG DIJELA
ZGRADE (m2)","*5$ƒà(9,16.$
(BRUTO)
POVR≈†INA
ZGRADE (m2)","63(&,),√Ω1$
GODI≈†NJA
EMISIJA
CO2"
5,1,145,P_773_2014_10003_SZ1,"√ª85,11$87,.$GRR",2ELWHOMVNHNX√ºH,"Stambena zgrada u nizu s jednim
stanom",6WDQXSUL]HPOMXLVWR√æQR,Split,Mato≈°eva 69,F,"248,28",C,"166,23",23.10.2017.,23.10.2027.,1960,"39,00","49,00","24,18"
5,1,146,P_514_2014_10001_SZ2,KOPGRAD STUDIO d.o.o.,Vi≈°estambene zgrade,Vi≈°estambena zgrada,Stan na 1.katu,Zagreb,Ulica Ljudevita Posavskog 7,C,"89,17",C,"127,84",23.10.2017.,23.10.2027.,1960,"79,60","108,60","25,33"
5,1,147,P_6_2010_10003_SZ2,DOMINO d.o.o.,Vi≈°estambene zgrade,Vi≈°estambena dvokatna zgrada,Stan na 2. katu,Osijek,Vijenac Josipa Kozarca 17,E,"189,97",D,"312,69",23.10.2017.,23.10.2027.,1968,"54,35","67,94","62,50"
5,1,148,F_301_2013_10001_SZ2,Surjan ≈Ωeljan,Vi≈°estambene zgrade,Stambena zgrada,Stan u stambenoj zgradi,Zagreb,Kamenarka 28 E,B,"41,95",A+,"0,71",23.10.2017.,23.10.2027.,2008,"67,90","78,50","0,10"
5,1,149,P_160_2011_10003_SZ1,PROJEKTNI BIRO VITAS d.o.o.,2ELWHOMVNHNX√ºH,2ELWHOMVNDNX√ºD*UXEL√£D,2ELWHOMVNDNX√ºD*UXEL√£D,Ogulin,Vikend naselje Sabljaci 33,B,"45,49",A+,"12,76",23.10.2017.,23.10.2027.,2017,"127,65","166,35","3,29"
5,1,150,P_536_2014_10002_SZ1,ARHITEKTON d.o.o.,2ELWHOMVNHNX√ºH,2ELWHOMVNDNX√ºD,,Petrijevci,Vjetrovita 3,G,"322,15",E,"480,99",24.10.2017.,24.10.2027.,1975,"83,15","106,86","16,41"
5,1,151,P_613_2014_10002_SZ2,Realitas EnCert d.o.o.,Vi≈°estambene zgrade,Stambena zgrada ul.Dore Pfanove 7,"Stan S9, br. 053 na 2.katu",Zagreb,Ul.Dore Pfanove 7,B,"34,31",C,"157,22",23.10.2017.,23.10.2027.,2008,"82,90","99,25","25,72"
5,1,152,F_466_2013_10000_SZ2,*HOL√º/HRQ,Vi≈°estambene zgrade,stambena zgrada,Stan br.13 na IV katu,Split,Ostravska 8,D,"112,74",D,"269,52",25.10.2017.,25.10.2027.,1989,"76,74","85,03","39,21"
5,1,153,P_645_2014_10001_SZ1,GOGING d.o.o.,2ELWHOMVNHNX√ºH,2ELWHOMVNDNX√ºD,2ELWHOMVNDNX√ºD,Prozorje,Prozorska 224,C,"65,12",C,"163,89",24.10.2017.,24.10.2027.,2004,"120,07","158,44","31,21"
5,1,154,P_1036_2016_10009_NSZ1,Adeo engineering d.o.o.,Uredske zgrade,Vi≈°estambena zgrada,Poslovni prostor,Ogulin,Bernardina Frankopana 8,D,"124,71",G,"324,41",23.10.2017.,23.10.2027.,1930,"21,08","24,00","47,03"
5,1,155,P_142_2011_10002_NSZ7,ALFA-IN≈ΩENJERING d.o.o.,"Zgrade trgovine - veleprodaja i
maloprodaja","Prodavaonica prehrambenih i
neprehrambenih proizvoda Lidl",,Slavonski Brod,2VMH√æNDEE,B,"47,48",B,"353,61",23.10.2017.,23.10.2027.,2017,"2200,70","2327,84","51,44"
5,1,156,F_381_2013_10004_SZ2,&LQGUL√º0DULMDQ,Vi≈°estambene zgrade,STAN U VI≈†ESTAMBENOJ ZGRADI,"67$1583√Ω,√ª,'5",Osijek,J. HUTTLERA 27-A,B,"48,68",C,"175,51",23.10.2017.,23.10.2027.,1982,"36,30","45,17","32,60"
5,1,157,P_1036_2016_10010_SZ1,Adeo engineering d.o.o.,2ELWHOMVNHNX√ºH,SZ1,2ELWHOMVNDNX√ºD√¢SXQGDN,Duga Resa,Donje Mrzlo polje 52,E,"172,87",A+,"23,23",23.10.2017.,23.10.2027.,1950,"84,51","104,00","3,38"
5,1,158,P_792_2014_10000_SZ2,MASTER IN≈ΩENJERING d.o.o.,Vi≈°estambene zgrade,SZ2 - stambena jedinica,Stan Zajc,Zagreb,Magazinska 23,E,"155,42",C,"134,00",23.10.2017.,23.10.2027.,1940,"35,82","56,22","1120,14"
5,1,159,P_1052_2017_10000_SZ2,KONSTRUKTIVA d.o.o.,Vi≈°estambene zgrade,Vi≈°estambena zgrada,Stan u vi≈°estambenoj zgradi,Zagreb,8OLFD(GH0XUWL√ºD,A+,"9,10",B,"106,67",23.10.2017.,23.10.2027.,2008,"41,17","45,29","21,37"
5,1,160,F_1280_2017_10000_SZ2,≈†imeta Tino,Vi≈°estambene zgrade,Zgrada mje≈°ovite namjene,Stan na 1. katu br. 34,Zagreb,2JUL]RYL√ºHYD,C,"78,04",C,"263,13",23.10.2017.,23.10.2027.,1992,"60,41","78,68","52,26"
5,1,161,P_243_2012_10000_NSZ4,FRIGO-ING d.o.o.,Hoteli i restorani,Poslovni centar AD Sistemi,,Vara≈ædin,Primorska 20,C,"75,12",C,"133,58",27.10.2017.,27.10.2027.,1968,"363,59","395,00","20,62"
5,1,162,F_1111_2015_10001_SZ2,%DUD√æ-DGUDQ,Vi≈°estambene zgrade,"Stambena zgrada s poslovnom
jedinicom u prizemlju",,Dubrovnik,Zamanjina 2,C,"72,30",C,"90,07",24.10.2017.,24.10.2027.,1900,"227,73","291,49","13,10"
5,1,163,F_876_2014_10010_SZ2,-HOX√£L√º$XJXVWLQ,Vi≈°estambene zgrade,"Vi≈°estambena zgrada, Ulica Dubrava
212, 10000 Zagreb",Stan u zgradi,Zagreb,Dubrava 212,C,"50,90",C,"207,16",24.10.2017.,24.10.2027.,1971,"79,26","31,75","43,89"
5,1,164,F_937_2014_10005_SZ2,ƒàXNL√º-RVLS,Vi≈°estambene zgrade,Stambena zgrada,"Stan br. 2 (E-12), II. kat",Velika Gorica,Trg Mar≈°ala Tita 1,C,"73,81",C,"148,28",24.10.2017.,24.10.2027.,1973,"56,43","71,61","35,98"
5,1,165,P_1036_2016_10011_SZ2,Adeo engineering d.o.o.,Vi≈°estambene zgrade,SZ2,Stan,Zagreb,Petrinjska 28,D,"120,66",A+,"7,29",24.10.2017.,24.10.2027.,1920,"109,18","131,01","1,06"
5,1,166,P_424_2013_10000_SZ1,DOT KONZALTING d.o.o.,2ELWHOMVNHNX√ºH,2ELWHOMVNDNX√ºD,2ELWHOMVNDNX√ºD,Du≈æica,Du≈æica 58,F,"236,45",D,"347,75",24.10.2017.,24.10.2027.,1956,"104,34","145,25","13,91"
5,1,167,P_1036_2016_10012_SZ2,Adeo engineering d.o.o.,Vi≈°estambene zgrade,SZ2,Stan Polaris media d.o.o.,Zagreb,Nehajska 2,B,"27,99",A+,"6,08",24.10.2017.,24.10.2027.,2004,"72,67","82,50","0,88"
5,1,168,F_143_2011_10001_SZ1,0LNL√æL√º$QGULMD,2ELWHOMVNHNX√ºH,2ELWHOMVNDNX√ºD/XND√æL√º,,Na≈°ice,%UD√ºH5DGL√ºD,G,"372,06",D,"441,93",24.10.2017.,24.10.2027.,1968,"57,80","72,08","85,70"
5,1,169,P_1036_2016_10013_SZ2,Adeo engineering d.o.o.,Vi≈°estambene zgrade,SZ2,6WDQ√ΩRJD-XUDL√º,Zagreb,-DUX√£√æLFD (,B,"27,96",A,"91,38",24.10.2017.,24.10.2027.,2008,"56,58","34,44","18,37"
5,1,170,P_1053_2017_10000_SZ1,11 A PROJEKT d.o.o.,2ELWHOMVNHNX√ºH,Stambena zgrada - SZ1,.X√ºD]DRGPRU,Pokupsko,Gladovec Pokupski 253,E,"180,50",D,"282,05",24.10.2017.,24.10.2027.,1982,"73,16","83,08","11,02"
5,1,171,F_1275_2017_10000_SZ2,.XULOL√º7RPLVODY,Vi≈°estambene zgrade,"Vi≈°estambena zgrada Lug
Samoborski",stan u prizemlju zgrade,Samobor,Bistrec 31,C,"52,59",C,"144,09",24.10.2017.,24.10.2027.,2003,"49,21","62,09","24,93"
5,1,172,F_917_2014_10000_SZ2,"6L√º,YDQ",Vi≈°estambene zgrade,"Vi≈°estambena zgrada na adresi
+UJRYL√ºL=DJUHE",Stan br.8 na III. katu,Zagreb,+UJRYL√ºL,B,"49,51",A+,"71,96",26.10.2017.,26.10.2027.,1983,"92,77","119,24","14,36"
5,1,173,P_52_2010_10000_SZ1,ELEKTROMIX d.o.o.,2ELWHOMVNHNX√ºH,Stambeno-poslovna zgrada,Stan (2. i 3.kat),≈†ibenik,Pekarska 2,D,"129,95",C,"81,68",25.10.2017.,25.10.2027.,1920,"117,18","155,43","19,18"
5,1,174,P_1036_2016_10014_SZ2,Adeo engineering d.o.o.,Vi≈°estambene zgrade,Vi≈°estambena zgrada,Stan,Rijeka,(UD]PD%DU√æL√ºD,D,"125,84",D,"227,34",24.10.2017.,24.10.2027.,1930,"85,37","98,00","32,96"
5,1,175,P_1036_2016_10015_SZ2,Adeo engineering d.o.o.,Vi≈°estambene zgrade,Vi≈°estambena zgrada,Stan,Zagreb,Kombolova 21,B,"48,42",C,"220,32",24.10.2017.,24.10.2027.,1968,"36,17","39,25","44,26"
5,1,176,P_195_2012_10000_SZ2,GABIT d.o.o.,Vi≈°estambene zgrade,Stambena zgrada,Stan_2.kat,Zagreb,Divka Budaka 13,C,"53,53",D,"325,50",26.10.2017.,26.10.2027.,1962,"42,52","53,15","64,92"
5,1,177,P_397_2013_10003_SZ2,STABILNOST d.o.o.,Vi≈°estambene zgrade,Stambena zgrada-SZ1,Stan na 2.katu,Split,√ΩLRYVND,C,"74,69",C,"162,73",24.10.2017.,24.10.2027.,1967,"114,71","139,05","23,67"
5,1,178,F_1111_2015_10002_SZ1,%DUD√æ-DGUDQ,2ELWHOMVNHNX√ºH,2ELWHOMVND.X√ºD,stambena zgrada s jednim stanom,Dubrovnik,asfda,E,"180,27",C,"151,29",10.11.2017.,10.11.2027.,1965,"77,28","120,00","22,01"
5,1,179,P_948_2016_10000_SZ1,OPERETA PROJEKTIRANJE d.o.o.,2ELWHOMVNHNX√ºH,2ELWHOMVNDNX√ºD,2ELWHOMVNDNX√ºD,Valpovo,3HWUD3UHUDGRYL√ºD$,D,"112,24",D,"339,67",24.10.2017.,24.10.2027.,2004,"74,83","91,28","49,42"
5,1,180,P_1036_2016_10016_SZ2,Adeo engineering d.o.o.,Vi≈°estambene zgrade,Vi≈°estambene zgrade,Stan,Karlovac,Imbre Tkalca 15A,B,"48,35",A+,"22,92",24.10.2017.,24.10.2027.,1965,"60,32","65,00","3,32"
5,1,181,F_751_2014_10000_SZ2,Erceg Pero,Vi≈°estambene zgrade,6WDPEHQD]JUDGD√¢LPL√ºHYD,Stan VP,Split,√¢LPL√ºHYD,B,"36,16",B,"81,89",24.10.2017.,24.10.2027.,1995,"82,74","91,21","11,91"
5,1,182,P_944_2015_10001_SZ1,GFKconsulting j.d.o.o.,2ELWHOMVNHNX√ºH,Stambena zgrada s jednim stanom,2ELWHOMVNDNX√ºD,%HOL√£√ºH,Ulica kralja Tomislava 139,F,"241,78",D,"308,63",25.10.2017.,25.10.2027.,1975,"82,49","140,74","60,39"
